env,seed,K,ref_mean,ref_std,train_mean,train_std,win_rate
cartpole,0,5,1078.12,423.2279593788672,1096.12,354.32389927861203,0.4
cartpole,1,5,1011.24,391.6372076297144,1162.08,443.592688848678,0.2
